-- Insert continents
INSERT INTO continent (id, name, icon) VALUES (1, 'Africa', '🐒');
INSERT INTO continent (id, name, icon) VALUES (2, 'Asia', '🏯');
INSERT INTO continent (id, name, icon) VALUES (3, 'Europe', '🏛️');
INSERT INTO continent (id, name, icon) VALUES (4, 'North America', '🗽');
INSERT INTO continent (id, name, icon) VALUES (5, 'South America', '🌴');
INSERT INTO continent (id, name, icon) VALUES (6, 'Oceania', '🌊');
INSERT INTO continent (id, name, icon) VALUES (7, 'Antarctica', '🧊');



-- AFRICA (continent_id = 1)
INSERT INTO country (id, name, url_image, code, total_pupulation, capital, area, currency, government, current_temperautre, conflict_status, political_stability, healthcare, education, envaironment, military_strength, wealth, travel_safty, continent_id) VALUES (1, 'Algeria', '', 'dz', 44700000, 'Algiers', 2381741, 'Algerian Dinar', 'Unitary semi-presidential republic', 22, 'Peaceful', 40, 60, 70, 50, 45, 55, 60, 1);
INSERT INTO country (id, name, url_image, code, total_pupulation, capital, area, currency, government, current_temperautre, conflict_status, political_stability, healthcare, education, envaironment, military_strength, wealth, travel_safty, continent_id) VALUES (2, 'Angola', '', 'ao', 33933610, 'Luanda', 1246700, 'Angolan Kwanza', 'Unitary presidential republic', 25, 'Peaceful', 35, 45, 50, 40, 50, 40, 50, 1);
INSERT INTO country (id, name, url_image, code, total_pupulation, capital, area, currency, government, current_temperautre, conflict_status, political_stability, healthcare, education, envaironment, military_strength, wealth, travel_safty, continent_id) VALUES (3, 'Benin', '', 'bj', 12451040, 'Porto-Novo', 112622, 'West African CFA Franc', 'Presidential republic', 27, 'Peaceful', 60, 45, 55, 60, 25, 35, 65, 1);
INSERT INTO country (id, name, url_image, code, total_pupulation, capital, area, currency, government, current_temperautre, conflict_status, political_stability, healthcare, education, envaironment, military_strength, wealth, travel_safty, continent_id) VALUES (4, 'Botswana', '', 'bw', 2410338, 'Gaborone', 581730, 'Botswana Pula', 'Parliamentary republic', 21, 'Peaceful', 75, 65, 70, 65, 30, 60, 70, 1);
INSERT INTO country (id, name, url_image, code, total_pupulation, capital, area, currency, government, current_temperautre, conflict_status, political_stability, healthcare, education, envaironment, military_strength, wealth, travel_safty, continent_id) VALUES (5, 'Burkina Faso', '', 'bf', 22673762, 'Ouagadougou', 274222, 'West African CFA Franc', 'Unitary semi-presidential republic', 28, 'Minor conflicts', 25, 40, 40, 45, 30, 30, 40, 1);
INSERT INTO country (id, name, url_image, code, total_pupulation, capital, area, currency, government, current_temperautre, conflict_status, political_stability, healthcare, education, envaironment, military_strength, wealth, travel_safty, continent_id) VALUES (6, 'Burundi', '', 'bi', 12889576, 'Gitega', 27830, 'Burundian Franc', 'Presidential republic', 20, 'Minor conflicts', 30, 35, 45, 55, 35, 25, 45, 1);
INSERT INTO country (id, name, url_image, code, total_pupulation, capital, area, currency, government, current_temperautre, conflict_status, political_stability, healthcare, education, envaironment, military_strength, wealth, travel_safty, continent_id) VALUES (7, 'Cabo Verde', '', 'cv', 561898, 'Praia', 4033, 'Cape Verdean Escudo', 'Unitary semi-presidential republic', 24, 'Peaceful', 80, 60, 65, 70, 20, 50, 75, 1);
INSERT INTO country (id, name, url_image, code, total_pupulation, capital, area, currency, government, current_temperautre, conflict_status, political_stability, healthcare, education, envaironment, military_strength, wealth, travel_safty, continent_id) VALUES (8, 'Cameroon', '', 'cm', 27914536, 'Yaoundé', 475442, 'Central African CFA Franc', 'Unitary presidential republic', 25, 'Minor conflicts', 35, 45, 55, 50, 40, 45, 50, 1);
INSERT INTO country (id, name, url_image, code, total_pupulation, capital, area, currency, government, current_temperautre, conflict_status, political_stability, healthcare, education, envaironment, military_strength, wealth, travel_safty, continent_id) VALUES (9, 'Central African Republic', '', 'cf', 5579144, 'Bangui', 622984, 'Central African CFA Franc', 'Unitary semi-presidential republic', 26, 'Active conflicts', 15, 25, 30, 60, 25, 20, 25, 1);
INSERT INTO country (id, name, url_image, code, total_pupulation, capital, area, currency, government, current_temperautre, conflict_status, political_stability, healthcare, education, envaironment, military_strength, wealth, travel_safty, continent_id) VALUES (10, 'Chad', '', 'td', 17723315, '', 1284000, 'Central African CFA Franc', 'Unitary presidential republic', 28, 'Minor conflicts', 25, 30, 35, 40, 35, 25, 35, 1);
INSERT INTO country (id, name, url_image, code, total_pupulation, capital, area, currency, government, current_temperautre, conflict_status, political_stability, healthcare, education, envaironment, military_strength, wealth, travel_safty, continent_id) VALUES (11, 'Comoros', '', 'km', 888451, 'Moroni', 2235, 'Comorian Franc', 'Federal presidential republic', 26, 'Peaceful', 45, 50, 55, 65, 15, 40, 60, 1);
INSERT INTO country (id, name, url_image, code, total_pupulation, capital, area, currency, government, current_temperautre, conflict_status, political_stability, healthcare, education, envaironment, military_strength, wealth, travel_safty, continent_id) VALUES (12, 'Democratic Republic of the Congo', '', 'cd', 99010212, 'Kinshasa', 2344858, 'Congolese Franc', 'Unitary semi-presidential republic', 25, 'Active conflicts', 20, 30, 40, 70, 40, 25, 30, 1);
INSERT INTO country (id, name, url_image, code, total_pupulation, capital, area, currency, government, current_temperautre, conflict_status, political_stability, healthcare, education, envaironment, military_strength, wealth, travel_safty, continent_id) VALUES (13, 'Republic of the Congo', '', 'cg', 5657013, 'Brazzaville', 342000, 'Central African CFA Franc', 'Unitary presidential republic', 26, 'Peaceful', 50, 45, 50, 65, 30, 45, 55, 1);
INSERT INTO country (id, name, url_image, code, total_pupulation, capital, area, currency, government, current_temperautre, conflict_status, political_stability, healthcare, education, envaironment, military_strength, wealth, travel_safty, continent_id) VALUES (14, 'Djibouti', '', 'dj', 1002187, 'Djibouti', 23200, 'Djiboutian Franc', 'Unitary presidential republic', 30, 'Peaceful', 60, 55, 45, 45, 35, 50, 65, 1);
INSERT INTO country (id, name, url_image, code, total_pupulation, capital, area, currency, government, current_temperautre, conflict_status, political_stability, healthcare, education, envaironment, military_strength, wealth, travel_safty, continent_id) VALUES (15, 'Egypt', '', 'eg', 104258327, 'Cairo', 1001449, 'Egyptian Pound', 'Unitary semi-presidential republic', 24, 'Minor conflicts', 40, 60, 70, 40, 65, 50, 55, 1);
INSERT INTO country (id, name, url_image, code, total_pupulation, capital, area, currency, government, current_temperautre, conflict_status, political_stability, healthcare, education, envaironment, military_strength, wealth, travel_safty, continent_id) VALUES (16, 'Equatorial Guinea', '', 'gq', 1496662, 'Malabo', 28051, 'Central African CFA Franc', 'Unitary presidential republic', 26, 'Peaceful', 30, 40, 45, 60, 25, 65, 45, 1);
INSERT INTO country (id, name, url_image, code, total_pupulation, capital, area, currency, government, current_temperautre, conflict_status, political_stability, healthcare, education, envaironment, military_strength, wealth, travel_safty, continent_id) VALUES (17, 'Eritrea', '', 'er', 3601467, 'Asmara', 117600, 'Eritrean Nakfa', 'Unitary one-party presidential republic', 26, 'Minor conflicts', 25, 35, 40, 50, 40, 30, 40, 1);
INSERT INTO country (id, name, url_image, code, total_pupulation, capital, area, currency, government, current_temperautre, conflict_status, political_stability, healthcare, education, envaironment, military_strength, wealth, travel_safty, continent_id) VALUES (18, 'Eswatini', '', 'sz', 1201670, 'Mbabane', 17364, 'Swazi Lilangeni', 'Unitary parliamentary absolute monarchy', 20, 'Peaceful', 55, 55, 60, 60, 25, 55, 65, 1);
INSERT INTO country (id, name, url_image, code, total_pupulation, capital, area, currency, government, current_temperautre, conflict_status, political_stability, healthcare, education, envaironment, military_strength, wealth, travel_safty, continent_id) VALUES (19, 'Ethiopia', '', 'et', 120812698, 'Addis Ababa', 1104300, 'Ethiopian Birr', 'Federal parliamentary republic', 22, 'Minor conflicts', 35, 40, 45, 55, 50, 30, 50, 1);
INSERT INTO country (id, name, url_image, code, total_pupulation, capital, area, currency, government, current_temperautre, conflict_status, political_stability, healthcare, education, envaironment, military_strength, wealth, travel_safty, continent_id) VALUES (20, 'Gabon', '', 'ga', 2331533, 'Libreville', 267667, 'Central African CFA Franc', 'Unitary presidential republic', 26, 'Peaceful', 55, 55, 60, 75, 30, 70, 60, 1);
INSERT INTO country (id, name, url_image, code, total_pupulation, capital, area, currency, government, current_temperautre, conflict_status, political_stability, healthcare, education, envaironment, military_strength, wealth, travel_safty, continent_id) VALUES (21, 'Gambia', '', 'gm', 2639916, 'Banjul', 10689, 'Gambian Dalasi', 'Unitary presidential republic', 28, 'Peaceful', 65, 50, 55, 60, 20, 35, 70, 1);
INSERT INTO country (id, name, url_image, code, total_pupulation, capital, area, currency, government, current_temperautre, conflict_status, political_stability, healthcare, education, envaironment, military_strength, wealth, travel_safty, continent_id) VALUES (22, 'Ghana', '', 'gh', 32395450, 'Accra', 238533, 'Ghanaian Cedi', 'Unitary presidential republic', 27, 'Peaceful', 70, 55, 65, 60, 30, 50, 70, 1);
INSERT INTO country (id, name, url_image, code, total_pupulation, capital, area, currency, government, current_temperautre, conflict_status, political_stability, healthcare, education, envaironment, military_strength, wealth, travel_safty, continent_id) VALUES (23, 'Guinea', '', 'gn', 13859341, 'Conakry', 245857, 'Guinean Franc', 'Unitary presidential republic', 26, 'Minor conflicts', 40, 40, 50, 65, 35, 35, 50, 1);
INSERT INTO country (id, name, url_image, code, total_pupulation, capital, area, currency, government, current_temperautre, conflict_status, political_stability, healthcare, education, envaironment, military_strength, wealth, travel_safty, continent_id) VALUES (24, 'Guinea-Bissau', '', 'gw', 2015494, 'Bissau', 36125, 'West African CFA Franc', 'Unitary semi-presidential republic', 27, 'Minor conflicts', 35, 35, 40, 65, 25, 30, 45, 1);
INSERT INTO country (id, name, url_image, code, total_pupulation, capital, area, currency, government, current_temperautre, conflict_status, political_stability, healthcare, education, envaironment, military_strength, wealth, travel_safty, continent_id) VALUES (25, 'Ivory Coast', '', 'ci', 28088455, 'Yamoussoukro', 322463, 'West African CFA Franc', 'Unitary presidential republic', 27, 'Peaceful', 55, 50, 55, 55, 35, 50, 60, 1);
INSERT INTO country (id, name, url_image, code, total_pupulation, capital, area, currency, government, current_temperautre, conflict_status, political_stability, healthcare, education, envaironment, military_strength, wealth, travel_safty, continent_id) VALUES (26, 'Kenya', '', 'ke', 54027487, 'Nairobi', 580367, 'Kenyan Shilling', 'Unitary presidential republic', 22, 'Minor conflicts', 50, 55, 65, 60, 40, 45, 55, 1);
INSERT INTO country (id, name, url_image, code, total_pupulation, capital, area, currency, government, current_temperautre, conflict_status, political_stability, healthcare, education, envaironment, military_strength, wealth, travel_safty, continent_id) VALUES (27, 'Lesotho', '', 'ls', 2281454, 'Maseru', 30355, 'Lesotho Loti', 'Unitary parliamentary constitutional monarchy', 15, 'Peaceful', 60, 50, 60, 55, 25, 40, 65, 1);
INSERT INTO country (id, name, url_image, code, total_pupulation, capital, area, currency, government, current_temperautre, conflict_status, political_stability, healthcare, education, envaironment, military_strength, wealth, travel_safty, continent_id) VALUES (28, 'Liberia', '', 'lr', 5193416, 'Monrovia', 111369, 'Liberian Dollar', 'Unitary presidential republic', 26, 'Peaceful', 55, 40, 50, 65, 25, 35, 60, 1);
INSERT INTO country (id, name, url_image, code, total_pupulation, capital, area, currency, government, current_temperautre, conflict_status, political_stability, healthcare, education, envaironment, military_strength, wealth, travel_safty, continent_id) VALUES (29, 'Libya', '', 'ly', 6871292, 'Tripoli', 1759540, 'Libyan Dinar', 'Unitary provisional government', 23, 'Active conflicts', 15, 45, 60, 45, 40, 50, 25, 1);
INSERT INTO country (id, name, url_image, code, total_pupulation, capital, area, currency, government, current_temperautre, conflict_status, political_stability, healthcare, education, envaironment, military_strength, wealth, travel_safty, continent_id) VALUES (30, 'Madagascar', '', 'mg', 29611714, 'Antananarivo', 587041, 'Malagasy Ariary', 'Unitary semi-presidential republic', 21, 'Peaceful', 45, 45, 55, 75, 30, 35, 60, 1);
INSERT INTO country (id, name, url_image, code, total_pupulation, capital, area, currency, government, current_temperautre, conflict_status, political_stability, healthcare, education, envaironment, military_strength, wealth, travel_safty, continent_id) VALUES (31, 'Malawi', '', 'mw', 20405317, 'Lilongwe', 118484, 'Malawian Kwacha', 'Unitary presidential republic', 22, 'Peaceful', 60, 45, 55, 65, 25, 30, 65, 1);
INSERT INTO country (id, name, url_image, code, total_pupulation, capital, area, currency, government, current_temperautre, conflict_status, political_stability, healthcare, education, envaironment, military_strength, wealth, travel_safty, continent_id) VALUES (32, 'Mali', '', 'ml', 21473764, 'Bamako', 1240192, 'West African CFA Franc', 'Unitary semi-presidential republic', 29, 'Active conflicts', 25, 35, 40, 50, 40, 30, 35, 1);
INSERT INTO country (id, name, url_image, code, total_pupulation, capital, area, currency, government, current_temperautre, conflict_status, political_stability, healthcare, education, envaironment, military_strength, wealth, travel_safty, continent_id) VALUES (33, 'Mauritania', '', 'mr', 4649658, 'Nouakchott', 1030700, 'Mauritanian Ouguiya', 'Unitary semi-presidential republic', 26, 'Minor conflicts', 45, 45, 50, 40, 35, 45, 50, 1);
INSERT INTO country (id, name, url_image, code, total_pupulation, capital, area, currency, government, current_temperautre, conflict_status, political_stability, healthcare, education, envaironment, military_strength, wealth, travel_safty, continent_id) VALUES (34, 'Mauritius', '', 'mu', 1271768, 'Port Louis', 2040, 'Mauritian Rupee', 'Unitary parliamentary republic', 24, 'Peaceful', 80, 70, 75, 70, 20, 70, 85, 1);
INSERT INTO country (id, name, url_image, code, total_pupulation, capital, area, currency, government, current_temperautre, conflict_status, political_stability, healthcare, education, envaironment, military_strength, wealth, travel_safty, continent_id) VALUES (35, 'Morocco', '', 'ma', 37076584, 'Rabat', 446550, 'Moroccan Dirham', 'Unitary parliamentary constitutional monarchy', 20, 'Minor conflicts', 60, 65, 70, 55, 45, 55, 65, 1);
INSERT INTO country (id, name, url_image, code, total_pupulation, capital, area, currency, government, current_temperautre, conflict_status, political_stability, healthcare, education, envaironment, military_strength, wealth, travel_safty, continent_id) VALUES (36, 'Mozambique', '', 'mz', 32969518, 'Maputo', 801590, 'Mozambican Metical', 'Unitary semi-presidential republic', 24, 'Minor conflicts', 40, 40, 50, 60, 35, 35, 50, 1);
INSERT INTO country (id, name, url_image, code, total_pupulation, capital, area, currency, government, current_temperautre, conflict_status, political_stability, healthcare, education, envaironment, military_strength, wealth, travel_safty, continent_id) VALUES (37, 'Namibia', '', 'na', 2540905, 'Windhoek', 825615, 'Namibian Dollar', 'Unitary semi-presidential republic', 20, 'Peaceful', 70, 60, 65, 70, 30, 55, 70, 1);
INSERT INTO country (id, name, url_image, code, total_pupulation, capital, area, currency, government, current_temperautre, conflict_status, political_stability, healthcare, education, envaironment, military_strength, wealth, travel_safty, continent_id) VALUES (38, 'Niger', '', 'ne', 25252722, 'Niamey', 1267000, 'West African CFA Franc', 'Unitary semi-presidential republic', 30, 'Active conflicts', 20, 35, 40, 45, 35, 25, 30, 1);
INSERT INTO country (id, name, url_image, code, total_pupulation, capital, area, currency, government, current_temperautre, conflict_status, political_stability, healthcare, education, envaironment, military_strength, wealth, travel_safty, continent_id) VALUES (39, 'Nigeria', '', 'ng', 218541212, 'Abuja', 923768, 'Nigerian Naira', 'Federal presidential republic', 26, 'Active conflicts', 30, 45, 55, 45, 55, 45, 40, 1);
INSERT INTO country (id, name, url_image, code, total_pupulation, capital, area, currency, government, current_temperautre, conflict_status, political_stability, healthcare, education, envaironment, military_strength, wealth, travel_safty, continent_id) VALUES (40, 'Rwanda', '', 'rw', 13276513, 'Kigali', 26338, 'Rwandan Franc', 'Unitary presidential republic', 20, 'Peaceful', 75, 60, 70, 70, 35, 50, 80, 1);
INSERT INTO country (id, name, url_image, code, total_pupulation, capital, area, currency, government, current_temperautre, conflict_status, political_stability, healthcare, education, envaironment, military_strength, wealth, travel_safty, continent_id) VALUES (41, 'Sao Tome and Principe', '', 'st', 223107, 'São Tomé', 964, 'São Tomé and Príncipe Dobra', 'Unitary semi-presidential republic', 25, 'Peaceful', 70, 55, 60, 75, 15, 45, 75, 1);
INSERT INTO country (id, name, url_image, code, total_pupulation, capital, area, currency, government, current_temperautre, conflict_status, political_stability, healthcare, education, envaironment, military_strength, wealth, travel_safty, continent_id) VALUES (42, 'Senegal', '', 'sn', 17316449, 'Dakar', 196722, 'West African CFA Franc', 'Unitary presidential republic', 28, 'Peaceful', 70, 55, 60, 60, 30, 45, 70, 1);
INSERT INTO country (id, name, url_image, code, total_pupulation, capital, area, currency, government, current_temperautre, conflict_status, political_stability, healthcare, education, envaironment, military_strength, wealth, travel_safty, continent_id) VALUES (43, 'Seychelles', '', 'sc', 99258, 'Victoria', 455, 'Seychellois Rupee', 'Unitary presidential republic', 27, 'Peaceful', 75, 70, 70, 80, 20, 75, 85, 1);
INSERT INTO country (id, name, url_image, code, total_pupulation, capital, area, currency, government, current_temperautre, conflict_status, political_stability, healthcare, education, envaironment, military_strength, wealth, travel_safty, continent_id) VALUES (44, 'Sierra Leone', '', 'sl', 8141343, 'Freetown', 71740, 'Sierra Leonean Leone', 'Unitary presidential republic', 26, 'Peaceful', 55, 40, 45, 60, 25, 35, 60, 1);
INSERT INTO country (id, name, url_image, code, total_pupulation, capital, area, currency, government, current_temperautre, conflict_status, political_stability, healthcare, education, envaironment, military_strength, wealth, travel_safty, continent_id) VALUES (45, 'Somalia', '', 'so', 16359504, 'Mogadishu', 637657, 'Somali Shilling', 'Federal parliamentary republic', 28, 'Active conflicts', 15, 25, 30, 50, 40, 25, 20, 1);
INSERT INTO country (id, name, url_image, code, total_pupulation, capital, area, currency, government, current_temperautre, conflict_status, political_stability, healthcare, education, envaironment, military_strength, wealth, travel_safty, continent_id) VALUES (46, 'South Africa', '', 'za', 60414495, 'Cape Town', 1221037, 'South African Rand', 'Unitary parliamentary republic', 18, 'Minor conflicts', 55, 65, 75, 60, 50, 60, 55, 1);
INSERT INTO country (id, name, url_image, code, total_pupulation, capital, area, currency, government, current_temperautre, conflict_status, political_stability, healthcare, education, envaironment, military_strength, wealth, travel_safty, continent_id) VALUES (47, 'South Sudan', '', 'ss', 11193725, 'Juba', 619745, 'South Sudanese Pound', 'Federal presidential republic', 27, 'Active conflicts', 15, 25, 30, 60, 40, 20, 25, 1);
INSERT INTO country (id, name, url_image, code, total_pupulation, capital, area, currency, government, current_temperautre, conflict_status, political_stability, healthcare, education, envaironment, military_strength, wealth, travel_safty, continent_id) VALUES (48, 'Sudan', '', 'sd', 45657202, 'Khartoum', 1861484, 'Sudanese Pound', 'Federal provisional government', 28, 'Active conflicts', 15, 30, 45, 45, 50, 30, 25, 1);
INSERT INTO country (id, name, url_image, code, total_pupulation, capital, area, currency, government, current_temperautre, conflict_status, political_stability, healthcare, education, envaironment, military_strength, wealth, travel_safty, continent_id) VALUES (49, 'Tanzania', '', 'tz', 61498437, 'Dodoma', 947300, 'Tanzanian Shilling', 'Unitary presidential republic', 23, 'Peaceful', 60, 50, 60, 65, 35, 40, 70, 1);
INSERT INTO country (id, name, url_image, code, total_pupulation, capital, area, currency, government, current_temperautre, conflict_status, political_stability, healthcare, education, envaironment, military_strength, wealth, travel_safty, continent_id) VALUES (50, 'Togo', '', 'tg', 8478250, 'Lomé', 56785, 'West African CFA Franc', 'Unitary presidential republic', 27, 'Peaceful', 50, 45, 55, 55, 25, 35, 60, 1);
INSERT INTO country (id, name, url_image, code, total_pupulation, capital, area, currency, government, current_temperautre, conflict_status, political_stability, healthcare, education, envaironment, military_strength, wealth, travel_safty, continent_id) VALUES (51, 'Tunisia', '', 'tn', 11818619, 'Tunis', 163610, 'Tunisian Dinar', 'Unitary semi-presidential republic', 19, 'Minor conflicts', 45, 65, 75, 55, 35, 50, 60, 1);
INSERT INTO country (id, name, url_image, code, total_pupulation, capital, area, currency, government, current_temperautre, conflict_status, political_stability, healthcare, education, envaironment, military_strength, wealth, travel_safty, continent_id) VALUES (52, 'Uganda', '', 'ug', 47123531, 'Kampala', 241038, 'Ugandan Shilling', 'Unitary presidential republic', 23, 'Minor conflicts', 40, 50, 60, 65, 40, 35, 55, 1);
INSERT INTO country (id, name, url_image, code, total_pupulation, capital, area, currency, government, current_temperautre, conflict_status, political_stability, healthcare, education, envaironment, military_strength, wealth, travel_safty, continent_id) VALUES (53, 'Zambia', '', 'zm', 19077816, 'Lusaka', 752612, 'Zambian Kwacha', 'Unitary presidential republic', 21, 'Peaceful', 60, 50, 60, 60, 30, 40, 65, 1);
INSERT INTO country (id, name, url_image, code, total_pupulation, capital, area, currency, government, current_temperautre, conflict_status, political_stability, healthcare, education, envaironment, military_strength, wealth, travel_safty, continent_id) VALUES (54, 'Zimbabwe', '', 'zw', 15092171, 'Harare', 390757, 'Zimbabwean Dollar', 'Unitary presidential republic', 20, 'Minor conflicts', 35, 45, 60, 55, 35, 30, 50, 1);



-- ASIA (continent_id = 2)
INSERT INTO country (id, name, url_image, code, total_pupulation, capital, area, currency, government, current_temperautre, conflict_status, political_stability, healthcare, education, envaironment, military_strength, wealth, travel_safty, continent_id) VALUES (55, 'Afghanistan', '', 'af', 40099462, 'Kabul', 652230, 'Afghan Afghani', 'Islamic Emirate', 15, 'Active conflicts', 10, 25, 35, 40, 60, 20, 15, 2);
INSERT INTO country (id, name, url_image, code, total_pupulation, capital, area, currency, government, current_temperautre, conflict_status, political_stability, healthcare, education, envaironment, military_strength, wealth, travel_safty, continent_id) VALUES (56, 'Armenia', '', 'am', 2963243, 'Yerevan', 29743, 'Armenian Dram', 'Unitary parliamentary republic', 12, 'Minor conflicts', 55, 65, 75, 55, 40, 50, 60, 2);
INSERT INTO country (id, name, url_image, code, total_pupulation, capital, area, currency, government, current_temperautre, conflict_status, political_stability, healthcare, education, envaironment, military_strength, wealth, travel_safty, continent_id) VALUES (57, 'Azerbaijan', '', 'az', 10223342, 'Baku', 86600, 'Azerbaijani Manat', 'Unitary presidential republic', 14, 'Minor conflicts', 45, 60, 70, 50, 55, 60, 55, 2);
INSERT INTO country (id, name, url_image, code, total_pupulation, capital, area, currency, government, current_temperautre, conflict_status, political_stability, healthcare, education, envaironment, military_strength, wealth, travel_safty, continent_id) VALUES (58, 'Bahrain', '', 'bh', 1748296, 'Manama', 765, 'Bahraini Dinar', 'Unitary constitutional monarchy', 28, 'Minor conflicts', 50, 75, 80, 45, 40, 80, 65, 2);
INSERT INTO country (id, name, url_image, code, total_pupulation, capital, area, currency, government, current_temperautre, conflict_status, political_stability, healthcare, education, envaironment, military_strength, wealth, travel_safty, continent_id) VALUES (59, 'Bangladesh', '', 'bd', 166303498, 'Dhaka', 147570, 'Bangladeshi Taka', 'Unitary parliamentary republic', 26, 'Minor conflicts', 40, 50, 60, 35, 45, 35, 50, 2);
INSERT INTO country (id, name, url_image, code, total_pupulation, capital, area, currency, government, current_temperautre, conflict_status, political_stability, healthcare, education, envaironment, military_strength, wealth, travel_safty, continent_id) VALUES (60, 'Bhutan', '', 'bt', 779898, 'Thimphu', 38394, 'Bhutanese Ngultrum', 'Unitary parliamentary constitutional monarchy', 15, 'Peaceful', 80, 65, 70, 85, 25, 55, 85, 2);
INSERT INTO country (id, name, url_image, code, total_pupulation, capital, area, currency, government, current_temperautre, conflict_status, political_stability, healthcare, education, envaironment, military_strength, wealth, travel_safty, continent_id) VALUES (61, 'Brunei', '', 'bn', 441532, 'Bandar Seri Begawan', 5765, 'Brunei Dollar', 'Unitary Islamic absolute monarchy', 27, 'Peaceful', 85, 80, 75, 60, 30, 85, 90, 2);
INSERT INTO country (id, name, url_image, code, total_pupulation, capital, area, currency, government, current_temperautre, conflict_status, political_stability, healthcare, education, envaironment, military_strength, wealth, travel_safty, continent_id) VALUES (62, 'Cambodia', '', 'kh', 16767842, 'Phnom Penh', 181035, 'Cambodian Riel', 'Unitary parliamentary constitutional monarchy', 28, 'Peaceful', 50, 55, 60, 55, 35, 40, 60, 2);
INSERT INTO country (id, name, url_image, code, total_pupulation, capital, area, currency, government, current_temperautre, conflict_status, political_stability, healthcare, education, envaironment, military_strength, wealth, travel_safty, continent_id) VALUES (63, 'China', '', 'cn', 1439323776, 'Beijing', 9596960, 'Chinese Yuan', 'Unitary one-party socialist republic', 14, 'Minor conflicts', 60, 70, 80, 45, 95, 70, 65, 2);
INSERT INTO country (id, name, url_image, code, total_pupulation, capital, area, currency, government, current_temperautre, conflict_status, political_stability, healthcare, education, envaironment, military_strength, wealth, travel_safty, continent_id) VALUES (64, 'Cyprus', '', 'cy', 1207359, 'Nicosia', 9251, 'Euro', 'Unitary presidential republic', 20, 'Minor conflicts', 70, 80, 85, 65, 30, 75, 80, 2);
INSERT INTO country (id, name, url_image, code, total_pupulation, capital, area, currency, government, current_temperautre, conflict_status, political_stability, healthcare, education, envaironment, military_strength, wealth, travel_safty, continent_id) VALUES (65, 'Georgia', '', 'ge', 3989167, 'Tbilisi', 69700, 'Georgian Lari', 'Unitary parliamentary republic', 13, 'Minor conflicts', 60, 65, 80, 60, 35, 55, 65, 2);
INSERT INTO country (id, name, url_image, code, total_pupulation, capital, area, currency, government, current_temperautre, conflict_status, political_stability, healthcare, education, envaironment, military_strength, wealth, travel_safty, continent_id) VALUES (66, 'India', '', 'in', 1380004385, 'New Delhi', 3287263, 'Indian Rupee', 'Federal parliamentary republic', 25, 'Minor conflicts', 55, 60, 70, 40, 85, 50, 60, 2);
INSERT INTO country (id, name, url_image, code, total_pupulation, capital, area, currency, government, current_temperautre, conflict_status, political_stability, healthcare, education, envaironment, military_strength, wealth, travel_safty, continent_id) VALUES (67, 'Indonesia', '', 'id', 273523615, 'Jakarta', 1904569, 'Indonesian Rupiah', 'Unitary presidential republic', 27, 'Minor conflicts', 60, 60, 65, 50, 65, 55, 65, 2);
INSERT INTO country (id, name, url_image, code, total_pupulation, capital, area, currency, government, current_temperautre, conflict_status, political_stability, healthcare, education, envaironment, military_strength, wealth, travel_safty, continent_id) VALUES (68, 'Iran', '', 'ir', 84923314, 'Tehran', 1648195, 'Iranian Rial', 'Unitary theocratic republic', 18, 'Minor conflicts', 35, 65, 75, 45, 70, 45, 40, 2);
INSERT INTO country (id, name, url_image, code, total_pupulation, capital, area, currency, government, current_temperautre, conflict_status, political_stability, healthcare, education, envaironment, military_strength, wealth, travel_safty, continent_id) VALUES (69, 'Iraq', '', 'iq', 41179350, 'Baghdad', 438317, 'Iraqi Dinar', 'Federal parliamentary republic', 24, 'Active conflicts', 25, 50, 55, 40, 65, 40, 30, 2);
INSERT INTO country (id, name, url_image, code, total_pupulation, capital, area, currency, government, current_temperautre, conflict_status, political_stability, healthcare, education, envaironment, military_strength, wealth, travel_safty, continent_id) VALUES (70, 'Israel', '', 'il', 9449323, 'Jerusalem', 20770, 'Israeli Shekel', 'Unitary parliamentary republic', 20, 'Active conflicts', 50, 85, 90, 60, 80, 80, 55, 2);
INSERT INTO country (id, name, url_image, code, total_pupulation, capital, area, currency, government, current_temperautre, conflict_status, political_stability, healthcare, education, envaironment, military_strength, wealth, travel_safty, continent_id) VALUES (71, 'Japan', '', 'jp', 125836021, 'Tokyo', 377930, 'Japanese Yen', 'Unitary parliamentary constitutional monarchy', 15, 'Peaceful', 85, 90, 95, 70, 75, 85, 90, 2);
INSERT INTO country (id, name, url_image, code, total_pupulation, capital, area, currency, government, current_temperautre, conflict_status, political_stability, healthcare, education, envaironment, military_strength, wealth, travel_safty, continent_id) VALUES (72, 'Jordan', '', 'jo', 10203134, 'Amman', 89342, 'Jordanian Dinar', 'Unitary parliamentary constitutional monarchy', 22, 'Minor conflicts', 60, 70, 75, 50, 50, 55, 65, 2);
INSERT INTO country (id, name, url_image, code, total_pupulation, capital, area, currency, government, current_temperautre, conflict_status, political_stability, healthcare, education, envaironment, military_strength, wealth, travel_safty, continent_id) VALUES (73, 'Kazakhstan', '', 'kz', 19002586, 'Nur-Sultan', 2724900, 'Kazakhstani Tenge', 'Unitary presidential republic', 8, 'Peaceful', 65, 65, 80, 55, 45, 65, 70, 2);
INSERT INTO country (id, name, url_image, code, total_pupulation, capital, area, currency, government, current_temperautre, conflict_status, political_stability, healthcare, education, envaironment, military_strength, wealth, travel_safty, continent_id) VALUES (74, 'Kuwait', '', 'kw', 4270571, 'Kuwait City', 17818, 'Kuwaiti Dinar', 'Unitary constitutional monarchy', 30, 'Peaceful', 70, 80, 75, 50, 45, 90, 75, 2);
INSERT INTO country (id, name, url_image, code, total_pupulation, capital, area, currency, government, current_temperautre, conflict_status, political_stability, healthcare, education, envaironment, military_strength, wealth, travel_safty, continent_id) VALUES (75, 'Kyrgyzstan', '', 'kg', 6524195, 'Bishkek', 199951, 'Kyrgyzstani Som', 'Unitary parliamentary republic', 10, 'Minor conflicts', 45, 60, 75, 65, 35, 45, 60, 2);
INSERT INTO country (id, name, url_image, code, total_pupulation, capital, area, currency, government, current_temperautre, conflict_status, political_stability, healthcare, education, envaironment, military_strength, wealth, travel_safty, continent_id) VALUES (76, 'Laos', '', 'la', 7275560, 'Vientiane', 236800, 'Lao Kip', 'Unitary one-party socialist republic', 26, 'Peaceful', 55, 55, 60, 60, 30, 40, 70, 2);
INSERT INTO country (id, name, url_image, code, total_pupulation, capital, area, currency, government, current_temperautre, conflict_status, political_stability, healthcare, education, envaironment, military_strength, wealth, travel_safty, continent_id) VALUES (77, 'Lebanon', '', 'lb', 6825445, 'Beirut', 10452, 'Lebanese Pound', 'Unitary parliamentary republic', 21, 'Minor conflicts', 25, 65, 75, 55, 40, 40, 45, 2);
INSERT INTO country (id, name, url_image, code, total_pupulation, capital, area, currency, government, current_temperautre, conflict_status, political_stability, healthcare, education, envaironment, military_strength, wealth, travel_safty, continent_id) VALUES (78, 'Malaysia', '', 'my', 32365999, 'Kuala Lumpur', 329847, 'Malaysian Ringgit', 'Federal parliamentary constitutional monarchy', 27, 'Peaceful', 70, 75, 80, 60, 50, 70, 75, 2);
INSERT INTO country (id, name, url_image, code, total_pupulation, capital, area, currency, government, current_temperautre, conflict_status, political_stability, healthcare, education, envaironment, military_strength, wealth, travel_safty, continent_id) VALUES (79, 'Maldives', '', 'mv', 540544, 'Malé', 298, 'Maldivian Rufiyaa', 'Unitary presidential republic', 28, 'Peaceful', 70, 70, 70, 75, 20, 65, 80, 2);
INSERT INTO country (id, name, url_image, code, total_pupulation, capital, area, currency, government, current_temperautre, conflict_status, political_stability, healthcare, education, envaironment, military_strength, wealth, travel_safty, continent_id) VALUES (80, 'Mongolia', '', 'mn', 3278290, 'Ulaanbaatar', 1564110, 'Mongolian Tugrik', 'Unitary semi-presidential republic', 0, 'Peaceful', 70, 65, 75, 60, 30, 50, 75, 2);
INSERT INTO country (id, name, url_image, code, total_pupulation, capital, area, currency, government, current_temperautre, conflict_status, political_stability, healthcare, education, envaironment, military_strength, wealth, travel_safty, continent_id) VALUES (81, 'Myanmar (Burma)', '', 'mm', 54409800, 'Naypyidaw', 676578, 'Myanmar Kyat', 'Unitary military junta', 26, 'Active conflicts', 15, 40, 50, 55, 60, 35, 25, 2);
INSERT INTO country (id, name, url_image, code, total_pupulation, capital, area, currency, government, current_temperautre, conflict_status, political_stability, healthcare, education, envaironment, military_strength, wealth, travel_safty, continent_id) VALUES (82, 'Nepal', '', 'np', 29674920, 'Kathmandu', 147181, 'Nepalese Rupee', 'Federal parliamentary republic', 16, 'Peaceful', 55, 55, 65, 70, 35, 35, 65, 2);
INSERT INTO country (id, name, url_image, code, total_pupulation, capital, area, currency, government, current_temperautre, conflict_status, political_stability, healthcare, education, envaironment, military_strength, wealth, travel_safty, continent_id) VALUES (83, 'North Korea', '', 'kp', 25778816, 'Pyongyang', 120538, 'North Korean Won', 'Unitary one-party socialist republic', 10, 'Minor conflicts', 20, 55, 70, 50, 85, 30, 30, 2);
INSERT INTO country (id, name, url_image, code, total_pupulation, capital, area, currency, government, current_temperautre, conflict_status, political_stability, healthcare, education, envaironment, military_strength, wealth, travel_safty, continent_id) VALUES (84, 'Oman', '', 'om', 5106626, 'Muscat', 309500, 'Omani Rial', 'Unitary absolute monarchy', 28, 'Peaceful', 80, 75, 70, 55, 45, 75, 85, 2);
INSERT INTO country (id, name, url_image, code, total_pupulation, capital, area, currency, government, current_temperautre, conflict_status, political_stability, healthcare, education, envaironment, military_strength, wealth, travel_safty, continent_id) VALUES (85, 'Pakistan', '', 'pk', 225199937, 'Islamabad', 881913, 'Pakistani Rupee', 'Federal parliamentary republic', 22, 'Active conflicts', 30, 50, 55, 40, 70, 40, 35, 2);
INSERT INTO country (id, name, url_image, code, total_pupulation, capital, area, currency, government, current_temperautre, conflict_status, political_stability, healthcare, education, envaironment, military_strength, wealth, travel_safty, continent_id) VALUES (86, 'Palestine', '', 'ps', 5101414, 'Ramallah', 6220, 'Israeli Shekel', 'Unitary semi-presidential republic', 22, 'Active conflicts', 25, 60, 70, 45, 40, 35, 30, 2);
INSERT INTO country (id, name, url_image, code, total_pupulation, capital, area, currency, government, current_temperautre, conflict_status, political_stability, healthcare, education, envaironment, military_strength, wealth, travel_safty, continent_id) VALUES (87, 'Philippines', '', 'ph', 109581078, 'Manila', 300000, 'Philippine Peso', 'Unitary presidential republic', 27, 'Minor conflicts', 50, 60, 65, 55, 55, 50, 55, 2);
INSERT INTO country (id, name, url_image, code, total_pupulation, capital, area, currency, government, current_temperautre, conflict_status, political_stability, healthcare, education, envaironment, military_strength, wealth, travel_safty, continent_id) VALUES (88, 'Qatar', '', 'qa', 2881053, 'Doha', 11586, 'Qatari Riyal', 'Unitary absolute monarchy', 32, 'Peaceful', 85, 85, 80, 55, 50, 95, 85, 2);
INSERT INTO country (id, name, url_image, code, total_pupulation, capital, area, currency, government, current_temperautre, conflict_status, political_stability, healthcare, education, envaironment, military_strength, wealth, travel_safty, continent_id) VALUES (90, 'Saudi Arabia', '', 'sa', 34813871, 'Riyadh', 2149690, 'Saudi Riyal', 'Unitary absolute monarchy', 28, 'Minor conflicts', 60, 75, 70, 45, 70, 85, 65, 2);
INSERT INTO country (id, name, url_image, code, total_pupulation, capital, area, currency, government, current_temperautre, conflict_status, political_stability, healthcare, education, envaironment, military_strength, wealth, travel_safty, continent_id) VALUES (91, 'Singapore', '', 'sg', 5850342, 'Singapore', 719, 'Singapore Dollar', 'Unitary parliamentary republic', 28, 'Peaceful', 90, 95, 95, 75, 45, 95, 95, 2);
INSERT INTO country (id, name, url_image, code, total_pupulation, capital, area, currency, government, current_temperautre, conflict_status, political_stability, healthcare, education, envaironment, military_strength, wealth, travel_safty, continent_id) VALUES (92, 'South Korea', '', 'kr', 51269185, 'Seoul', 100210, 'South Korean Won', 'Unitary presidential republic', 14, 'Minor conflicts', 75, 90, 95, 65, 70, 85, 85, 2);
INSERT INTO country (id, name, url_image, code, total_pupulation, capital, area, currency, government, current_temperautre, conflict_status, political_stability, healthcare, education, envaironment, military_strength, wealth, travel_safty, continent_id) VALUES (93, 'Sri Lanka', '', 'lk', 21413249, 'Sri Jayawardenepura Kotte', 65610, 'Sri Lankan Rupee', 'Unitary semi-presidential republic', 27, 'Minor conflicts', 40, 65, 75, 60, 40, 45, 60, 2);
INSERT INTO country (id, name, url_image, code, total_pupulation, capital, area, currency, government, current_temperautre, conflict_status, political_stability, healthcare, education, envaironment, military_strength, wealth, travel_safty, continent_id) VALUES (94, 'Syria', '', 'sy', 17500658, 'Damascus', 185180, 'Syrian Pound', 'Unitary semi-presidential republic', 19, 'Active conflicts', 15, 40, 60, 40, 60, 25, 20, 2);
INSERT INTO country (id, name, url_image, code, total_pupulation, capital, area, currency, government, current_temperautre, conflict_status, political_stability, healthcare, education, envaironment, military_strength, wealth, travel_safty, continent_id) VALUES (95, 'Taiwan', '', 'tw', 23816775, 'Taipei', 36193, 'New Taiwan Dollar', 'Unitary semi-presidential republic', 23, 'Minor conflicts', 80, 85, 90, 65, 60, 80, 85, 2);
INSERT INTO country (id, name, url_image, code, total_pupulation, capital, area, currency, government, current_temperautre, conflict_status, political_stability, healthcare, education, envaironment, military_strength, wealth, travel_safty, continent_id) VALUES (96, 'Tajikistan', '', 'tj', 9537645, 'Dushanbe', 143100, 'Tajikistani Somoni', 'Unitary presidential republic', 12, 'Minor conflicts', 40, 55, 70, 60, 35, 40, 55, 2);
INSERT INTO country (id, name, url_image, code, total_pupulation, capital, area, currency, government, current_temperautre, conflict_status, political_stability, healthcare, education, envaironment, military_strength, wealth, travel_safty, continent_id) VALUES (97, 'Thailand', '', 'th', 69799978, 'Bangkok', 513120, 'Thai Baht', 'Unitary parliamentary constitutional monarchy', 28, 'Minor conflicts', 60, 70, 75, 60, 50, 60, 70, 2);
INSERT INTO country (id, name, url_image, code, total_pupulation, capital, area, currency, government, current_temperautre, conflict_status, political_stability, healthcare, education, envaironment, military_strength, wealth, travel_safty, continent_id) VALUES (98, 'Timor-Leste', '', 'tl', 1318445, 'Dili', 14874, 'United States Dollar', 'Unitary semi-presidential republic', 26, 'Peaceful', 65, 50, 60, 70, 25, 40, 70, 2);
INSERT INTO country (id, name, url_image, code, total_pupulation, capital, area, currency, government, current_temperautre, conflict_status, political_stability, healthcare, education, envaironment, military_strength, wealth, travel_safty, continent_id) VALUES (99, 'Turkey', '', 'tr', 84339067, 'Ankara', 783562, 'Turkish Lira', 'Unitary presidential republic', 16, 'Minor conflicts', 45, 70, 75, 55, 65, 55, 60, 2);
INSERT INTO country (id, name, url_image, code, total_pupulation, capital, area, currency, government, current_temperautre, conflict_status, political_stability, healthcare, education, envaironment, military_strength, wealth, travel_safty, continent_id) VALUES (100, 'Turkmenistan', '', 'tm', 6031200, 'Ashgabat', 488100, 'Turkmenistani Manat', 'Unitary presidential republic', 18, 'Peaceful', 35, 60, 65, 50, 40, 55, 50, 2);
INSERT INTO country (id, name, url_image, code, total_pupulation, capital, area, currency, government, current_temperautre, conflict_status, political_stability, healthcare, education, envaironment, military_strength, wealth, travel_safty, continent_id) VALUES (101, 'United Arab Emirates', '', 'ae', 9890402, 'Abu Dhabi', 83600, 'UAE Dirham', 'Federal absolute monarchy', 30, 'Peaceful', 85, 85, 80, 60, 55, 90, 90, 2);
INSERT INTO country (id, name, url_image, code, total_pupulation, capital, area, currency, government, current_temperautre, conflict_status, political_stability, healthcare, education, envaironment, military_strength, wealth, travel_safty, continent_id) VALUES (102, 'Uzbekistan', '', 'uz', 33469203, 'Tashkent', 447400, 'Uzbekistani Som', 'Unitary presidential republic', 14, 'Peaceful', 60, 65, 75, 55, 45, 55, 65, 2);
INSERT INTO country (id, name, url_image, code, total_pupulation, capital, area, currency, government, current_temperautre, conflict_status, political_stability, healthcare, education, envaironment, military_strength, wealth, travel_safty, continent_id) VALUES (103, 'Vietnam', '', 'vn', 97338579, 'Hanoi', 331230, 'Vietnamese Dong', 'Unitary one-party socialist republic', 25, 'Peaceful', 65, 65, 75, 55, 60, 55, 75, 2);
INSERT INTO country (id, name, url_image, code, total_pupulation, capital, area, currency, government, current_temperautre, conflict_status, political_stability, healthcare, education, envaironment, military_strength, wealth, travel_safty, continent_id) VALUES (104, 'Yemen', '', 'ye', 30490640, 'Sana', 527968, 'Yemeni Rial', 'Unitary provisional government', 26, 'Active conflicts', 10, 30, 40, 35, 55, 25, 15, 2);






-- EUROPE (continent_id = 3)
INSERT INTO country (id, name, url_image, code, total_pupulation, capital, area, currency, government, current_temperautre, conflict_status, political_stability, healthcare, education, envaironment, military_strength, wealth, travel_safty, continent_id) VALUES (106, 'Andorra', '', 'ad', 77265, 'Andorra la Vella', 468, 'Euro', 'Unitary parliamentary democracy', 12, 'Peaceful', 90, 85, 80, 75, 15, 85, 95, 3);
INSERT INTO country (id, name, url_image, code, total_pupulation, capital, area, currency, government, current_temperautre, conflict_status, political_stability, healthcare, education, envaironment, military_strength, wealth, travel_safty, continent_id) VALUES (107, 'Austria', '', 'at', 9006398, 'Vienna', 83879, 'Euro', 'Federal parliamentary republic', 8, 'Peaceful', 85, 90, 90, 80, 25, 85, 95, 3);
INSERT INTO country (id, name, url_image, code, total_pupulation, capital, area, currency, government, current_temperautre, conflict_status, political_stability, healthcare, education, envaironment, military_strength, wealth, travel_safty, continent_id) VALUES (108, 'Belarus', '', 'by', 9449323, 'Minsk', 207600, 'Belarusian Ruble', 'Unitary presidential republic', 5, 'Minor conflicts', 30, 70, 80, 60, 40, 55, 50, 3);
INSERT INTO country (id, name, url_image, code, total_pupulation, capital, area, currency, government, current_temperautre, conflict_status, political_stability, healthcare, education, envaironment, military_strength, wealth, travel_safty, continent_id) VALUES (109, 'Belgium', '', 'be', 11589623, 'Brussels', 30528, 'Euro', 'Federal parliamentary constitutional monarchy', 10, 'Peaceful', 80, 90, 90, 75, 35, 85, 90, 3);
INSERT INTO country (id, name, url_image, code, total_pupulation, capital, area, currency, government, current_temperautre, conflict_status, political_stability, healthcare, education, envaironment, military_strength, wealth, travel_safty, continent_id) VALUES (110, 'Bosnia and Herzegovina', '', 'ba', 3280819, 'Sarajevo', 51197, 'Bosnia and Herzegovina Convertible Mark', 'Federal parliamentary republic', 11, 'Minor conflicts', 50, 65, 70, 65, 30, 50, 65, 3);
INSERT INTO country (id, name, url_image, code, total_pupulation, capital, area, currency, government, current_temperautre, conflict_status, political_stability, healthcare, education, envaironment, military_strength, wealth, travel_safty, continent_id) VALUES (111, 'Bulgaria', '', 'bg', 6948445, 'Sofia', 110879, 'Bulgarian Lev', 'Unitary parliamentary republic', 9, 'Peaceful', 65, 75, 80, 70, 30, 65, 75, 3);
INSERT INTO country (id, name, url_image, code, total_pupulation, capital, area, currency, government, current_temperautre, conflict_status, political_stability, healthcare, education, envaironment, military_strength, wealth, travel_safty, continent_id) VALUES (112, 'Croatia', '', 'hr', 4105267, 'Zagreb', 56594, 'Euro', 'Unitary parliamentary republic', 11, 'Peaceful', 75, 80, 85, 75, 30, 70, 85, 3);
INSERT INTO country (id, name, url_image, code, total_pupulation, capital, area, currency, government, current_temperautre, conflict_status, political_stability, healthcare, education, envaironment, military_strength, wealth, travel_safty, continent_id) VALUES (113, 'Czech Republic', '', 'cz', 10708981, 'Prague', 78867, 'Czech Koruna', 'Unitary parliamentary republic', 8, 'Peaceful', 80, 85, 90, 75, 30, 80, 85, 3);-- Insert continents
INSERT INTO country (id, name, url_image, code, total_pupulation, capital, area, currency, government, current_temperautre, conflict_status, political_stability, healthcare, education, envaironment, military_strength, wealth, travel_safty, continent_id) VALUES (114, 'Denmark', '', 'dk', 5792202, 'Copenhagen', 43094, 'Danish Krone', 'Unitary parliamentary constitutional monarchy', 7, 'Peaceful', 90, 95, 95, 85, 25, 90, 95, 3);
INSERT INTO country (id, name, url_image, code, total_pupulation, capital, area, currency, government, current_temperautre, conflict_status, political_stability, healthcare, education, envaironment, military_strength, wealth, travel_safty, continent_id) VALUES (115, 'Estonia', '', 'ee', 1326535, 'Tallinn', 45228, 'Euro', 'Unitary parliamentary republic', 5, 'Peaceful', 85, 85, 90, 80, 25, 80, 90, 3);
INSERT INTO country (id, name, url_image, code, total_pupulation, capital, area, currency, government, current_temperautre, conflict_status, political_stability, healthcare, education, envaironment, military_strength, wealth, travel_safty, continent_id) VALUES (116, 'Finland', '', 'fi', 5540720, 'Helsinki', 338424, 'Euro', 'Unitary parliamentary republic', 3, 'Peaceful', 90, 90, 95, 85, 30, 85, 95, 3);
INSERT INTO country (id, name, url_image, code, total_pupulation, capital, area, currency, government, current_temperautre, conflict_status, political_stability, healthcare, education, envaironment, military_strength, wealth, travel_safty, continent_id) VALUES (117, 'France', '', 'fr', 65273511, 'Paris', 551695, 'Euro', 'Unitary semi-presidential republic', 12, 'Minor conflicts', 70, 90, 90, 75, 60, 85, 80, 3);
INSERT INTO country (id, name, url_image, code, total_pupulation, capital, area, currency, government, current_temperautre, conflict_status, political_stability, healthcare, education, envaironment, military_strength, wealth, travel_safty, continent_id) VALUES (118, 'Germany', '', 'de', 83783942, 'Berlin', 357022, 'Euro', 'Federal parliamentary republic', 9, 'Peaceful', 85, 90, 95, 80, 50, 90, 85, 3);
INSERT INTO country (id, name, url_image, code, total_pupulation, capital, area, currency, government, current_temperautre, conflict_status, political_stability, healthcare, education, envaironment, military_strength, wealth, travel_safty, continent_id) VALUES (119, 'Greece', '', 'gr', 10423054, 'Athens', 131957, 'Euro', 'Unitary parliamentary republic', 16, 'Peaceful', 65, 80, 85, 70, 40, 70, 80, 3);
INSERT INTO country (id, name, url_image, code, total_pupulation, capital, area, currency, government, current_temperautre, conflict_status, political_stability, healthcare, education, envaironment, military_strength, wealth, travel_safty, continent_id) VALUES (120, 'Hungary', '', 'hu', 9660351, 'Budapest', 93028, 'Hungarian Forint', 'Unitary parliamentary republic', 10, 'Peaceful', 65, 75, 85, 70, 30, 70, 80, 3);
INSERT INTO country (id, name, url_image, code, total_pupulation, capital, area, currency, government, current_temperautre, conflict_status, political_stability, healthcare, education, envaironment, military_strength, wealth, travel_safty, continent_id) VALUES (121, 'Iceland', '', 'is', 341243, 'Reykjavik', 103000, 'Icelandic Krona', 'Unitary parliamentary republic', 2, 'Peaceful', 95, 90, 90, 90, 20, 85, 95, 3);
INSERT INTO country (id, name, url_image, code, total_pupulation, capital, area, currency, government, current_temperautre, conflict_status, political_stability, healthcare, education, envaironment, military_strength, wealth, travel_safty, continent_id) VALUES (122, 'Ireland', '', 'ie', 4937786, 'Dublin', 70273, 'Euro', 'Unitary parliamentary republic', 9, 'Peaceful', 85, 85, 90, 80, 25, 90, 90, 3);
INSERT INTO country (id, name, url_image, code, total_pupulation, capital, area, currency, government, current_temperautre, conflict_status, political_stability, healthcare, education, envaironment, military_strength, wealth, travel_safty, continent_id) VALUES (123, 'Italy', '', 'it', 60461826, 'Rome', 301340, 'Euro', 'Unitary parliamentary republic', 14, 'Peaceful', 70, 85, 85, 70, 40, 80, 85, 3);
INSERT INTO country (id, name, url_image, code, total_pupulation, capital, area, currency, government, current_temperautre, conflict_status, political_stability, healthcare, education, envaironment, military_strength, wealth, travel_safty, continent_id) VALUES (124, 'Kosovo', '', 'xk', 1873160, 'Pristina', 10887, 'Euro', 'Unitary parliamentary republic', 11, 'Minor conflicts', 55, 65, 70, 65, 25, 45, 70, 3);
INSERT INTO country (id, name, url_image, code, total_pupulation, capital, area, currency, government, current_temperautre, conflict_status, political_stability, healthcare, education, envaironment, military_strength, wealth, travel_safty, continent_id) VALUES (125, 'Latvia', '', 'lv', 1886198, 'Riga', 64589, 'Euro', 'Unitary parliamentary republic', 6, 'Peaceful', 80, 80, 85, 75, 25, 75, 85, 3);
INSERT INTO country (id, name, url_image, code, total_pupulation, capital, area, currency, government, current_temperautre, conflict_status, political_stability, healthcare, education, envaironment, military_strength, wealth, travel_safty, continent_id) VALUES (126, 'Liechtenstein', '', 'li', 38128, 'Vaduz', 160, 'Swiss Franc', 'Unitary parliamentary constitutional monarchy', 8, 'Peaceful', 95, 90, 85, 80, 15, 95, 95, 3);
INSERT INTO country (id, name, url_image, code, total_pupulation, capital, area, currency, government, current_temperautre, conflict_status, political_stability, healthcare, education, envaironment, military_strength, wealth, travel_safty, continent_id) VALUES (127, 'Lithuania', '', 'lt', 2722289, 'Vilnius', 65300, 'Euro', 'Unitary semi-presidential republic', 6, 'Peaceful', 80, 80, 90, 75, 25, 80, 85, 3);
INSERT INTO country (id, name, url_image, code, total_pupulation, capital, area, currency, government, current_temperautre, conflict_status, political_stability, healthcare, education, envaironment, military_strength, wealth, travel_safty, continent_id) VALUES (128, 'Luxembourg', '', 'lu', 625978, 'Luxembourg', 2586, 'Euro', 'Unitary parliamentary constitutional monarchy', 9, 'Peaceful', 90, 90, 85, 80, 20, 95, 95, 3);
INSERT INTO country (id, name, url_image, code, total_pupulation, capital, area, currency, government, current_temperautre, conflict_status, political_stability, healthcare, education, envaironment, military_strength, wealth, travel_safty, continent_id) VALUES (129, 'Malta', '', 'mt', 441543, 'Valletta', 316, 'Euro', 'Unitary parliamentary republic', 18, 'Peaceful', 85, 85, 80, 70, 20, 80, 90, 3);
INSERT INTO country (id, name, url_image, code, total_pupulation, capital, area, currency, government, current_temperautre, conflict_status, political_stability, healthcare, education, envaironment, military_strength, wealth, travel_safty, continent_id) VALUES (130, 'Moldova', '', 'md', 4033963, 'Chisinau', 33851, 'Moldovan Leu', 'Unitary parliamentary republic', 9, 'Minor conflicts', 50, 60, 75, 65, 25, 45, 65, 3);
INSERT INTO country (id, name, url_image, code, total_pupulation, capital, area, currency, government, current_temperautre, conflict_status, political_stability, healthcare, education, envaironment, military_strength, wealth, travel_safty, continent_id) VALUES (131, 'Monaco', '', 'mc', 39242, 'Monaco', 2, 'Euro', 'Unitary constitutional monarchy', 15, 'Peaceful', 95, 95, 85, 75, 15, 95, 95, 3);
INSERT INTO country (id, name, url_image, code, total_pupulation, capital, area, currency, government, current_temperautre, conflict_status, political_stability, healthcare, education, envaironment, military_strength, wealth, travel_safty, continent_id) VALUES (132, 'Montenegro', '', 'me', 628066, 'Podgorica', 13812, 'Euro', 'Unitary parliamentary republic', 12, 'Peaceful', 70, 70, 75, 70, 25, 60, 80, 3);
INSERT INTO country (id, name, url_image, code, total_pupulation, capital, area, currency, government, current_temperautre, conflict_status, political_stability, healthcare, education, envaironment, military_strength, wealth, travel_safty, continent_id) VALUES (133, 'Netherlands', '', 'nl', 17134872, 'Amsterdam', 41543, 'Euro', 'Unitary parliamentary constitutional monarchy', 9, 'Peaceful', 90, 90, 95, 85, 35, 90, 90, 3);
INSERT INTO country (id, name, url_image, code, total_pupulation, capital, area, currency, government, current_temperautre, conflict_status, political_stability, healthcare, education, envaironment, military_strength, wealth, travel_safty, continent_id) VALUES (134, 'North Macedonia', '', 'mk', 2083374, 'Skopje', 25713, 'Macedonian Denar', 'Unitary parliamentary republic', 11, 'Minor conflicts', 60, 70, 75, 65, 25, 55, 75, 3);
INSERT INTO country (id, name, url_image, code, total_pupulation, capital, area, currency, government, current_temperautre, conflict_status, political_stability, healthcare, education, envaironment, military_strength, wealth, travel_safty, continent_id) VALUES (135, 'Norway', '', 'no', 5421241, 'Oslo', 323802, 'Norwegian Krone', 'Unitary parliamentary constitutional monarchy', 4, 'Peaceful', 95, 95, 95, 90, 30, 95, 95, 3);
INSERT INTO country (id, name, url_image, code, total_pupulation, capital, area, currency, government, current_temperautre, conflict_status, political_stability, healthcare, education, envaironment, military_strength, wealth, travel_safty, continent_id) VALUES (136, 'Poland', '', 'pl', 37846611, 'Warsaw', 312696, 'Polish Zloty', 'Unitary semi-presidential republic', 8, 'Peaceful', 75, 80, 85, 70, 45, 75, 80, 3);
INSERT INTO country (id, name, url_image, code, total_pupulation, capital, area, currency, government, current_temperautre, conflict_status, political_stability, healthcare, education, envaironment, military_strength, wealth, travel_safty, continent_id) VALUES (137, 'Portugal', '', 'pt', 10196709, 'Lisbon', 92090, 'Euro', 'Unitary semi-presidential republic', 15, 'Peaceful', 80, 85, 85, 75, 30, 75, 90, 3);
INSERT INTO country (id, name, url_image, code, total_pupulation, capital, area, currency, government, current_temperautre, conflict_status, political_stability, healthcare, education, envaironment, military_strength, wealth, travel_safty, continent_id) VALUES (138, 'Romania', '', 'ro', 19237691, 'Bucharest', 238391, 'Romanian Leu', 'Unitary semi-presidential republic', 9, 'Peaceful', 70, 75, 80, 70, 35, 70, 80, 3);
INSERT INTO country (id, name, url_image, code, total_pupulation, capital, area, currency, government, current_temperautre, conflict_status, political_stability, healthcare, education, envaironment, military_strength, wealth, travel_safty, continent_id) VALUES (139, 'Russia', '', 'ru', 146000000, 'Moscow', 17098242, 'Russian Ruble', 'Federal semi-presidential republic', 25, 'Involved in regional conflicts', 30, 60, 70, 45, 90, 50, 40, 3);
INSERT INTO country (id, name, url_image, code, total_pupulation, capital, area, currency, government, current_temperautre, conflict_status, political_stability, healthcare, education, envaironment, military_strength, wealth, travel_safty, continent_id) VALUES (140, 'San Marino', '', 'sm', 33931, 'San Marino', 61, 'Euro', 'Unitary parliamentary republic', 13, 'Peaceful', 90, 85, 80, 75, 15, 85, 95, 3);
INSERT INTO country (id, name, url_image, code, total_pupulation, capital, area, currency, government, current_temperautre, conflict_status, political_stability, healthcare, education, envaironment, military_strength, wealth, travel_safty, continent_id) VALUES (141, 'Serbia', '', 'rs', 8737371, 'Belgrade', 77474, 'Serbian Dinar', 'Unitary parliamentary republic', 10, 'Minor conflicts', 60, 70, 80, 65, 35, 60, 70, 3);
INSERT INTO country (id, name, url_image, code, total_pupulation, capital, area, currency, government, current_temperautre, conflict_status, political_stability, healthcare, education, envaironment, military_strength, wealth, travel_safty, continent_id) VALUES (142, 'Slovakia', '', 'sk', 5459642, 'Bratislava', 49035, 'Euro', 'Unitary parliamentary republic', 8, 'Peaceful', 75, 80, 85, 75, 25, 75, 85, 3);
INSERT INTO country (id, name, url_image, code, total_pupulation, capital, area, currency, government, current_temperautre, conflict_status, political_stability, healthcare, education, envaironment, military_strength, wealth, travel_safty, continent_id) VALUES (143, 'Slovenia', '', 'si', 2078938, 'Ljubljana', 20273, 'Euro', 'Unitary parliamentary republic', 9, 'Peaceful', 80, 85, 90, 80, 25, 80, 90, 3);
INSERT INTO country (id, name, url_image, code, total_pupulation, capital, area, currency, government, current_temperautre, conflict_status, political_stability, healthcare, education, envaironment, military_strength, wealth, travel_safty, continent_id) VALUES (144, 'Spain', '', 'es', 46754778, 'Madrid', 505370, 'Euro', 'Unitary parliamentary constitutional monarchy', 15, 'Minor conflicts', 75, 90, 85, 75, 40, 80, 85, 3);
INSERT INTO country (id, name, url_image, code, total_pupulation, capital, area, currency, government, current_temperautre, conflict_status, political_stability, healthcare, education, envaironment, military_strength, wealth, travel_safty, continent_id) VALUES (145, 'Sweden', '', 'se', 10099265, 'Stockholm', 450295, 'Swedish Krona', 'Unitary parliamentary constitutional monarchy', 5, 'Peaceful', 90, 90, 95, 85, 30, 85, 95, 3);
INSERT INTO country (id, name, url_image, code, total_pupulation, capital, area, currency, government, current_temperautre, conflict_status, political_stability, healthcare, education, envaironment, military_strength, wealth, travel_safty, continent_id) VALUES (146, 'Switzerland', '', 'ch', 8654622, 'Bern', 41285, 'Swiss Franc', 'Federal semi-direct democracy', 7, 'Peaceful', 95, 95, 90, 85, 25, 95, 95, 3);
INSERT INTO country (id, name, url_image, code, total_pupulation, capital, area, currency, government, current_temperautre, conflict_status, political_stability, healthcare, education, envaironment, military_strength, wealth, travel_safty, continent_id) VALUES (147, 'Ukraine', '', 'ua', 43733762, 'Kiev', 603550, 'Ukrainian Hryvnia', 'Unitary semi-presidential republic', 7, 'Active conflicts', 20, 60, 80, 60, 65, 40, 30, 3);
INSERT INTO country (id, name, url_image, code, total_pupulation, capital, area, currency, government, current_temperautre, conflict_status, political_stability, healthcare, education, envaironment, military_strength, wealth, travel_safty, continent_id) VALUES (148, 'United Kingdom', '', 'gb', 67886011, 'London', 243610, 'British Pound', 'Unitary parliamentary constitutional monarchy', 8, 'Peaceful', 75, 90, 90, 75, 55, 85, 85, 3);
INSERT INTO country (id, name, url_image, code, total_pupulation, capital, area, currency, government, current_temperautre, conflict_status, political_stability, healthcare, education, envaironment, military_strength, wealth, travel_safty, continent_id) VALUES (149, 'Vatican City', '', 'va', 801, 'Vatican City', 0, 'Euro', 'Unitary ecclesiastical absolute monarchy', 14, 'Peaceful', 95, 90, 85, 70, 15, 85, 95, 3);



- NORTH AMERICA (continent_id = 4)
INSERT INTO country (id, name, url_image, code, total_pupulation, capital, area, currency, government, current_temperautre, conflict_status, political_stability, healthcare, education, envaironment, military_strength, wealth, travel_safty, continent_id) VALUES (150, 'Antigua and Barbuda', '', 'ag', 97929, 'Saint John', 442, 'East Caribbean Dollar', 'Unitary parliamentary constitutional monarchy', 26, 'Peaceful', 80, 75, 70, 75, 15, 70, 85, 4);
INSERT INTO country (id, name, url_image, code, total_pupulation, capital, area, currency, government, current_temperautre, conflict_status, political_stability, healthcare, education, envaironment, military_strength, wealth, travel_safty, continent_id) VALUES (151, 'Bahamas', '', 'bs', 393244, 'Nassau', 13880, 'Bahamian Dollar', 'Unitary parliamentary constitutional monarchy', 25, 'Peaceful', 85, 80, 75, 80, 15, 75, 80, 4);
INSERT INTO country (id, name, url_image, code, total_pupulation, capital, area, currency, government, current_temperautre, conflict_status, political_stability, healthcare, education, envaironment, military_strength, wealth, travel_safty, continent_id) VALUES (152, 'Barbados', '', 'bb', 287375, 'Bridgetown', 430, 'Barbadian Dollar', 'Unitary parliamentary republic', 27, 'Peaceful', 85, 80, 80, 75, 15, 75, 85, 4);
INSERT INTO country (id, name, url_image, code, total_pupulation, capital, area, currency, government, current_temperautre, conflict_status, political_stability, healthcare, education, envaironment, military_strength, wealth, travel_safty, continent_id) VALUES (153, 'Belize', '', 'bz', 397628, 'Belmopan', 22966, 'Belize Dollar', 'Unitary parliamentary constitutional monarchy', 26, 'Peaceful', 70, 65, 70, 80, 20, 55, 70, 4);
INSERT INTO country (id, name, url_image, code, total_pupulation, capital, area, currency, government, current_temperautre, conflict_status, political_stability, healthcare, education, envaironment, military_strength, wealth, travel_safty, continent_id) VALUES (154, 'Canada', '', 'ca', 38454327, 'Ottawa', 9984670, 'Canadian Dollar', 'Federal parliamentary constitutional monarchy', 2, 'Peaceful', 90, 95, 95, 85, 50, 90, 95, 4);
INSERT INTO country (id, name, url_image, code, total_pupulation, capital, area, currency, government, current_temperautre, conflict_status, political_stability, healthcare, education, envaironment, military_strength, wealth, travel_safty, continent_id) VALUES (155, 'Costa Rica', '', 'cr', 5094118, 'San José', 51100, 'Costa Rican Colón', 'Unitary presidential republic', 22, 'Peaceful', 85, 80, 80, 85, 20, 70, 85, 4);
INSERT INTO country (id, name, url_image, code, total_pupulation, capital, area, currency, government, current_temperautre, conflict_status, political_stability, healthcare, education, envaironment, military_strength, wealth, travel_safty, continent_id) VALUES (156, 'Cuba', '', 'cu', 11326616, 'Havana', 109884, 'Cuban Peso', 'Unitary one-party socialist republic', 25, 'Peaceful', 55, 75, 80, 65, 40, 50, 70, 4);
INSERT INTO country (id, name, url_image, code, total_pupulation, capital, area, currency, government, current_temperautre, conflict_status, political_stability, healthcare, education, envaironment, military_strength, wealth, travel_safty, continent_id) VALUES (157, 'Dominica', '', 'dm', 71986, 'Roseau', 751, 'East Caribbean Dollar', 'Unitary parliamentary republic', 26, 'Peaceful', 80, 70, 75, 85, 15, 60, 85, 4);
INSERT INTO country (id, name, url_image, code, total_pupulation, capital, area, currency, government, current_temperautre, conflict_status, political_stability, healthcare, education, envaironment, military_strength, wealth, travel_safty, continent_id) VALUES (158, 'Dominican Republic', '', 'do', 10847910, 'Santo Domingo', 48671, 'Dominican Peso', 'Unitary presidential republic', 25, 'Peaceful', 65, 70, 75, 65, 25, 60, 70, 4);
INSERT INTO country (id, name, url_image, code, total_pupulation, capital, area, currency, government, current_temperautre, conflict_status, political_stability, healthcare, education, envaironment, military_strength, wealth, travel_safty, continent_id) VALUES (160, 'Grenada', '', 'gd', 112523, 'Saint George', 344, 'East Caribbean Dollar', 'Unitary parliamentary constitutional monarchy', 27, 'Peaceful', 80, 75, 70, 80, 15, 65, 85, 4);
INSERT INTO country (id, name, url_image, code, total_pupulation, capital, area, currency, government, current_temperautre, conflict_status, political_stability, healthcare, education, envaironment, military_strength, wealth, travel_safty, continent_id) VALUES (161, 'Guatemala', '', 'gt', 17915568, 'Guatemala City', 108889, 'Guatemalan Quetzal', 'Unitary presidential republic', 20, 'Minor conflicts', 45, 55, 60, 60, 30, 45, 50, 4);
INSERT INTO country (id, name, url_image, code, total_pupulation, capital, area, currency, government, current_temperautre, conflict_status, political_stability, healthcare, education, envaironment, military_strength, wealth, travel_safty, continent_id) VALUES (162, 'Haiti', '', 'ht', 11402528, 'Port-au-Prince', 27750, 'Haitian Gourde', 'Unitary semi-presidential republic', 26, 'Active conflicts', 15, 35, 50, 55, 25, 25, 25, 4);
INSERT INTO country (id, name, url_image, code, total_pupulation, capital, area, currency, government, current_temperautre, conflict_status, political_stability, healthcare, education, envaironment, military_strength, wealth, travel_safty, continent_id) VALUES (163, 'Honduras', '', 'hn', 9904607, 'Tegucigalpa', 112090, 'Honduran Lempira', 'Unitary presidential republic', 23, 'Minor conflicts', 40, 60, 65, 60, 25, 40, 45, 4);
INSERT INTO country (id, name, url_image, code, total_pupulation, capital, area, currency, government, current_temperautre, conflict_status, political_stability, healthcare, education, envaironment, military_strength, wealth, travel_safty, continent_id) VALUES (164, 'Jamaica', '', 'jm', 2961167, 'Kingston', 10991, 'Jamaican Dollar', 'Unitary parliamentary constitutional monarchy', 26, 'Minor conflicts', 60, 70, 75, 70, 20, 55, 65, 4);
INSERT INTO country (id, name, url_image, code, total_pupulation, capital, area, currency, government, current_temperautre, conflict_status, political_stability, healthcare, education, envaironment, military_strength, wealth, travel_safty, continent_id) VALUES (165, 'Mexico', '', 'mx', 128932753, 'Mexico City', 1964375, 'Mexican Peso', 'Federal presidential republic', 20, 'Minor conflicts', 50, 70, 75, 60, 45, 60, 55, 4);
INSERT INTO country (id, name, url_image, code, total_pupulation, capital, area, currency, government, current_temperautre, conflict_status, political_stability, healthcare, education, envaironment, military_strength, wealth, travel_safty, continent_id) VALUES (166, 'Nicaragua', '', 'ni', 6624554, 'Managua', 130370, 'Nicaraguan Córdoba', 'Unitary presidential republic', 25, 'Minor conflicts', 40, 60, 65, 65, 25, 40, 50, 4);
INSERT INTO country (id, name, url_image, code, total_pupulation, capital, area, currency, government, current_temperautre, conflict_status, political_stability, healthcare, education, envaironment, military_strength, wealth, travel_safty, continent_id) VALUES (167, 'Panama', '', 'pa', 4314767, 'Panama City', 75420, 'United States Dollar', 'Unitary presidential republic', 27, 'Peaceful', 70, 75, 75, 70, 25, 70, 70, 4);
INSERT INTO country (id, name, url_image, code, total_pupulation, capital, area, currency, government, current_temperautre, conflict_status, political_stability, healthcare, education, envaironment, military_strength, wealth, travel_safty, continent_id) VALUES (168, 'Saint Kitts and Nevis', '', 'kn', 53199, 'Basseterre', 261, 'East Caribbean Dollar', 'Federal parliamentary constitutional monarchy', 27, 'Peaceful', 85, 75, 70, 80, 15, 70, 85, 4);
INSERT INTO country (id, name, url_image, code, total_pupulation, capital, area, currency, government, current_temperautre, conflict_status, political_stability, healthcare, education, envaironment, military_strength, wealth, travel_safty, continent_id) VALUES (169, 'Saint Lucia', '', 'lc', 183627, 'Castries', 616, 'East Caribbean Dollar', 'Unitary parliamentary constitutional monarchy', 27, 'Peaceful', 80, 75, 75, 80, 15, 65, 85, 4);
INSERT INTO country (id, name, url_image, code, total_pupulation, capital, area, currency, government, current_temperautre, conflict_status, political_stability, healthcare, education, envaironment, military_strength, wealth, travel_safty, continent_id) VALUES (170, 'Saint Vincent and the Grenadines', '', 'vc', 110940, 'Kingstown', 389, 'East Caribbean Dollar', 'Unitary parliamentary constitutional monarchy', 27, 'Peaceful', 80, 75, 70, 80, 15, 65, 85, 4);
INSERT INTO country (id, name, url_image, code, total_pupulation, capital, area, currency, government, current_temperautre, conflict_status, political_stability, healthcare, education, envaironment, military_strength, wealth, travel_safty, continent_id) VALUES (171, 'Trinidad and Tobago', '', 'tt', 1399488, 'Port of Spain', 5128, 'Trinidad and Tobago Dollar', 'Unitary parliamentary republic', 26, 'Minor conflicts', 65, 75, 75, 65, 20, 70, 70, 4);
INSERT INTO country (id, name, url_image, code, total_pupulation, capital, area, currency, government, current_temperautre, conflict_status, political_stability, healthcare, education, envaironment, military_strength, wealth, travel_safty, continent_id) VALUES (172, 'United States', '', 'us', 331002651, 'Washington D.C.', 9833517, 'United States Dollar', 'Federal presidential republic', 12, 'Minor conflicts', 70, 85, 90, 65, 95, 90, 75, 4);








-- SOUTH AMERICA (continent_id = 5)
INSERT INTO country (id, name, url_image, code, total_pupulation, capital, area, currency, government, current_temperautre, conflict_status, political_stability, healthcare, education, envaironment, military_strength, wealth, travel_safty, continent_id) VALUES (173, 'Argentina', '', 'ar', 45376763, 'Buenos Aires', 2780400, 'Argentine Peso', 'Federal presidential constitutional republic', 18, 'Peaceful', 55, 75, 85, 60, 35, 45, 70, 5);
INSERT INTO country (id, name, url_image, code, total_pupulation, capital, area, currency, government, current_temperautre, conflict_status, political_stability, healthcare, education, envaironment, military_strength, wealth, travel_safty, continent_id) VALUES (174, 'Bolivia', '', 'bo', 11673021, 'Sucre', 1098581, 'Bolivian Boliviano', 'Unitary presidential republic', 15, 'Minor conflicts', 45, 55, 70, 65, 30, 35, 60, 5);
INSERT INTO country (id, name, url_image, code, total_pupulation, capital, area, currency, government, current_temperautre, conflict_status, political_stability, healthcare, education, envaironment, military_strength, wealth, travel_safty, continent_id) VALUES (175, 'Brazil', '', 'br', 212559417, 'Brasília', 8514877, 'Brazilian Real', 'Federal presidential republic', 25, 'Minor conflicts', 55, 70, 75, 55, 60, 55, 65, 5);
INSERT INTO country (id, name, url_image, code, total_pupulation, capital, area, currency, government, current_temperautre, conflict_status, political_stability, healthcare, education, envaironment, military_strength, wealth, travel_safty, continent_id) VALUES (176, 'Chile', '', 'cl', 19116201, 'Santiago', 756096, 'Chilean Peso', 'Unitary presidential republic', 14, 'Peaceful', 75, 80, 85, 70, 40, 75, 80, 5);
INSERT INTO country (id, name, url_image, code, total_pupulation, capital, area, currency, government, current_temperautre, conflict_status, political_stability, healthcare, education, envaironment, military_strength, wealth, travel_safty, continent_id) VALUES (177, 'Colombia', '', 'co', 50882891, 'Bogotá', 1141748, 'Colombian Peso', 'Unitary presidential republic', 21, 'Minor conflicts', 45, 65, 75, 60, 50, 50, 55, 5);
INSERT INTO country (id, name, url_image, code, total_pupulation, capital, area, currency, government, current_temperautre, conflict_status, political_stability, healthcare, education, envaironment, military_strength, wealth, travel_safty, continent_id) VALUES (178, 'Ecuador', '', 'ec', 17643054, 'Quito', 283561, 'United States Dollar', 'Unitary presidential republic', 20, 'Minor conflicts', 50, 70, 75, 70, 35, 50, 60, 5);
INSERT INTO country (id, name, url_image, code, total_pupulation, capital, area, currency, government, current_temperautre, conflict_status, political_stability, healthcare, education, envaironment, military_strength, wealth, travel_safty, continent_id) VALUES (179, 'Guyana', '', 'gy', 786552, 'Georgetown', 214969, 'Guyanese Dollar', 'Unitary parliamentary republic', 27, 'Peaceful', 65, 60, 70, 75, 20, 55, 70, 5);
INSERT INTO country (id, name, url_image, code, total_pupulation, capital, area, currency, government, current_temperautre, conflict_status, political_stability, healthcare, education, envaironment, military_strength, wealth, travel_safty, continent_id) VALUES (180, 'Paraguay', '', 'py', 7132538, 'Asunción', 406752, 'Paraguayan Guaraní', 'Unitary presidential republic', 22, 'Peaceful', 55, 60, 70, 70, 25, 45, 65, 5);
INSERT INTO country (id, name, url_image, code, total_pupulation, capital, area, currency, government, current_temperautre, conflict_status, political_stability, healthcare, education, envaironment, military_strength, wealth, travel_safty, continent_id) VALUES (181, 'Peru', '', 'pe', 32971854, 'Lima', 1285216, 'Peruvian Sol', 'Unitary presidential republic', 18, 'Minor conflicts', 50, 65, 75, 60, 40, 50, 60, 5);
INSERT INTO country (id, name, url_image, code, total_pupulation, capital, area, currency, government, current_temperautre, conflict_status, political_stability, healthcare, education, envaironment, military_strength, wealth, travel_safty, continent_id) VALUES (182, 'Suriname', '', 'sr', 586632, 'Paramaribo', 163820, 'Surinamese Dollar', 'Unitary parliamentary republic', 27, 'Peaceful', 65, 65, 70, 80, 20, 55, 70, 5);
INSERT INTO country (id, name, url_image, code, total_pupulation, capital, area, currency, government, current_temperautre, conflict_status, political_stability, healthcare, education, envaironment, military_strength, wealth, travel_safty, continent_id) VALUES (183, 'Uruguay', '', 'uy', 3473730, 'Montevideo', 176215, 'Uruguayan Peso', 'Unitary presidential republic', 16, 'Peaceful', 80, 80, 85, 75, 25, 70, 85, 5);
INSERT INTO country (id, name, url_image, code, total_pupulation, capital, area, currency, government, current_temperautre, conflict_status, political_stability, healthcare, education, envaironment, military_strength, wealth, travel_safty, continent_id) VALUES (184, 'Venezuela', '', 've', 28435940, 'Caracas', 912050, 'Venezuelan Bolívar', 'Federal presidential republic', 26, 'Minor conflicts', 20, 45, 70, 60, 45, 25, 30, 5);







-- OCEANIA (continent_id = 6)
INSERT INTO country (id, name, url_image, code, total_pupulation, capital, area, currency, government, current_temperautre, conflict_status, political_stability, healthcare, education, envaironment, military_strength, wealth, travel_safty, continent_id) VALUES (185, 'Australia', '', 'au', 25499884, 'Canberra', 7692024, 'Australian Dollar', 'Federal parliamentary constitutional monarchy', 22, 'Peaceful', 85, 90, 95, 80, 55, 90, 90, 6);
INSERT INTO country (id, name, url_image, code, total_pupulation, capital, area, currency, government, current_temperautre, conflict_status, political_stability, healthcare, education, envaironment, military_strength, wealth, travel_safty, continent_id) VALUES (186, 'Fiji', '', 'fj', 896445, 'Suva', 18274, 'Fijian Dollar', 'Unitary parliamentary republic', 25, 'Peaceful', 70, 70, 75, 80, 20, 60, 80, 6);
INSERT INTO country (id, name, url_image, code, total_pupulation, capital, area, currency, government, current_temperautre, conflict_status, political_stability, healthcare, education, envaironment, military_strength, wealth, travel_safty, continent_id) VALUES (187, 'Kiribati', '', 'ki', 119449, 'Tarawa', 811, 'Australian Dollar', 'Unitary parliamentary republic', 28, 'Peaceful', 75, 60, 65, 75, 15, 50, 85, 6);
INSERT INTO country (id, name, url_image, code, total_pupulation, capital, area, currency, government, current_temperautre, conflict_status, political_stability, healthcare, education, envaironment, military_strength, wealth, travel_safty, continent_id) VALUES (188, 'Marshall Islands', '', 'mh', 59190, 'Majuro', 181, 'United States Dollar', 'Unitary parliamentary republic', 28, 'Peaceful', 80, 65, 70, 70, 15, 55, 85, 6);
INSERT INTO country (id, name, url_image, code, total_pupulation, capital, area, currency, government, current_temperautre, conflict_status, political_stability, healthcare, education, envaironment, military_strength, wealth, travel_safty, continent_id) VALUES (189, 'Micronesia', '', 'fm', 115023, 'Palikir', 702, 'United States Dollar', 'Federal parliamentary republic', 27, 'Peaceful', 75, 65, 70, 75, 15, 50, 85, 6);
INSERT INTO country (id, name, url_image, code, total_pupulation, capital, area, currency, government, current_temperautre, conflict_status, political_stability, healthcare, education, envaironment, military_strength, wealth, travel_safty, continent_id) VALUES (190, 'Nauru', '', 'nr', 10824, 'Yaren', 21, 'Australian Dollar', 'Unitary parliamentary republic', 28, 'Peaceful', 70, 60, 65, 60, 15, 65, 85, 6);
INSERT INTO country (id, name, url_image, code, total_pupulation, capital, area, currency, government, current_temperautre, conflict_status, political_stability, healthcare, education, envaironment, military_strength, wealth, travel_safty, continent_id) VALUES (191, 'New Zealand', '', 'nz', 4822233, 'Wellington', 268838, 'New Zealand Dollar', 'Unitary parliamentary constitutional monarchy', 14, 'Peaceful', 90, 90, 95, 85, 30, 85, 95, 6);
INSERT INTO country (id, name, url_image, code, total_pupulation, capital, area, currency, government, current_temperautre, conflict_status, political_stability, healthcare, education, envaironment, military_strength, wealth, travel_safty, continent_id) VALUES (192, 'Palau', '', 'pw', 18094, 'Ngerulmud', 459, 'United States Dollar', 'Unitary presidential republic', 27, 'Peaceful', 85, 70, 75, 80, 15, 70, 90, 6);
INSERT INTO country (id, name, url_image, code, total_pupulation, capital, area, currency, government, current_temperautre, conflict_status, political_stability, healthcare, education, envaironment, military_strength, wealth, travel_safty, continent_id) VALUES (193, 'Papua New Guinea', '', 'pg', 8947024, 'Port Moresby', 462840, 'Papua New Guinean Kina', 'Unitary parliamentary constitutional monarchy', 26, 'Minor conflicts', 45, 50, 60, 75, 25, 40, 55, 6);
INSERT INTO country (id, name, url_image, code, total_pupulation, capital, area, currency, government, current_temperautre, conflict_status, political_stability, healthcare, education, envaironment, military_strength, wealth, travel_safty, continent_id) VALUES (194, 'Samoa', '', 'ws', 198414, 'Apia', 2831, 'Samoan Tala', 'Unitary parliamentary republic', 26, 'Peaceful', 80, 70, 75, 80, 15, 60, 85, 6);
INSERT INTO country (id, name, url_image, code, total_pupulation, capital, area, currency, government, current_temperautre, conflict_status, political_stability, healthcare, education, envaironment, military_strength, wealth, travel_safty, continent_id) VALUES (195, 'Solomon Islands', '', 'sb', 686884, 'Honiara', 28896, 'Solomon Islands Dollar', 'Unitary parliamentary constitutional monarchy', 26, 'Minor conflicts', 60, 60, 65, 80, 20, 45, 70, 6);
INSERT INTO country (id, name, url_image, code, total_pupulation, capital, area, currency, government, current_temperautre, conflict_status, political_stability, healthcare, education, envaironment, military_strength, wealth, travel_safty, continent_id) VALUES (196, 'Tonga', '', 'to', 105695, 'Nuku\'alofa', 747, 'Tongan Pa\'anga', 'Unitary parliamentary constitutional monarchy', 24, 'Peaceful', 75, 70, 75, 75, 15, 60, 85, 6);
INSERT INTO country (id, name, url_image, code, total_pupulation, capital, area, currency, government, current_temperautre, conflict_status, political_stability, healthcare, education, envaironment, military_strength, wealth, travel_safty, continent_id) VALUES (197, 'Tuvalu', '', 'tv', 11792, 'Funafuti', 26, 'Australian Dollar', 'Unitary parliamentary constitutional monarchy', 28, 'Peaceful', 80, 65, 70, 70, 15, 55, 90, 6);
INSERT INTO country (id, name, url_image, code, total_pupulation, capital, area, currency, government, current_temperautre, conflict_status, political_stability, healthcare, education, envaironment, military_strength, wealth, travel_safty, continent_id) VALUES (198, 'Vanuatu', '', 'vu', 307145, 'Port Vila', 12189, 'Vanuatu Vatu', 'Unitary parliamentary republic', 25, 'Peaceful', 70, 65, 70, 80, 15, 55, 80, 6);



-- i set id for new countries adding
SELECT setval('country_seq', (SELECT MAX(id) FROM country));
--


--admin password:"a"
INSERT INTO users (id, name, surname, email) VALUES (nextval('users_seq'), 'admin', 'admin', 'admin@admin.com');
INSERT INTO credentials (id, username, password, role, user_id) VALUES (nextval('credentials_seq'), 'admin','$2a$10$t2IKSFIwQXZPe4GtNGpzuu5DlTYFIYBIy1lUbxyNYbm0MS2YpFQU.','ADMIN', currval('users_seq'));




--users password:"p"
INSERT INTO users (id, name, surname, email) VALUES (nextval('users_seq'), 'p', 'p', 'p');
INSERT INTO credentials (id, username, password, role, user_id) VALUES (nextval('credentials_seq'), 'p','$2a$10$yo5IFu4/ET4S7P8Fe5KEZeRPiARzRDw.VaCg4NR4rXMRFG1j2xZli','DEFAULT', currval('users_seq'));

